project_name,campus,operator,operator_type,state,nem_region,status,facility_mw,critical_it_mw,startup_year,source,source_url,source_date,capacity_basis,unverified_capacity_mw,include_in_project_totals,remediation_status,remediation_notes,source_class,evidence_grade,has_source_url,issue_count,issues
Southern Highlands DB1,Southern Highlands Data Campus DB1,Cloud Carrier,Colocation,NSW,NSW1,Proposed,28.0,,,Cloud Carrier official DB1 page,https://cloudcarrier.com/db1/,,gross_power_mw,,True,verified_primary_planning_pending,"Official site supports DB1 capacity; council material indicates planning pathways remain live, so status is proposed.",source_url_unclassified,C,True,2,"No critical_it_mw, so energy/load calculations infer IT load from PUE. | No disclosed capex; downstream model fills estimated capex."
Digital Realty SYD10,DRe SYD10,Digital Realty,Colocation,NSW,NSW1,Operating,,,2026.0,Digital Realty official SYD10 page; MW not disclosed,https://www.digitalrealty.asia/data-centers/asia-pacific/sydney/syd10,,facility_exists_no_mw_disclosed,,False,permanently_excluded_no_mw_disclosed,"Facility exists but 50MW under-construction figure was unsupported and removed from totals. Permanently classified 2026-09-19: official source re-checked live and still discloses no MW (URL live, no facility MW figure in page text). No row-level MW evidence exists to promote this row, so it stays excluded from project totals and leaves the pending quarantine queue. Legacy unsupported 50 MW estimate removed from the quarantined screening overlay 2026-09-19 (it was never source-backed).",source_url_unclassified,C,True,3,"No facility_mw recorded. | No disclosed capex; downstream model fills estimated capex. | PUE/WUE is benchmark, design-target, or portfolio/global average, not facility-specific."
Julius Avenue Data Centre,Julius Avenue Data Centre,ISPT,Developer,NSW,NSW1,Proposed,170.0,,,Data Center Dynamics report citing NSW SSD application,https://www.datacenterdynamics.com/en/news/ispt-files-to-build-170mw-data-center-in-sydney-australia/,2025-02-21,power_consumption_mw,,True,verified_secondary_planning_pending,Secondary report points to public planning application; promote to primary evidence if NSW application document is captured directly.,named_secondary_url,B,True,2,"No critical_it_mw, so energy/load calculations infer IT load from PUE. | PUE/WUE is benchmark, design-target, or portfolio/global average, not facility-specific."
GreenSquareDC SYD1,GreenSquareDC SYD1,GreenSquareDC,Colocation,NSW,NSW1,Under Construction,110.0,,2026.0,w.media Sep 2025; GreenSquareDC LinkedIn milestones announcement,https://w.media/greensquaredc-advances-110mw-sydney-data-centre-project-with-key-approvals/,2025-09-10,campus_full_build_mw,,True,verified_primary_planning_pending,"SYD1 campus at 110MW; only Stage 1 (15MW, Q3 2026) confirmed under construction. Full campus subject to future stages and power procurement.",source_url_unclassified,B,True,3,"No critical_it_mw, so energy/load calculations infer IT load from PUE. | No disclosed capex; downstream model fills estimated capex. | PUE/WUE is benchmark, design-target, or portfolio/global average, not facility-specific."
Southgate Tasmania,Project Southgate Tasmania,Firmus Technologies,Technology,TAS,TAS1,Under Construction,90.0,90.0,2026.0,Firmus official Project Southgate announcement,https://firmus.co/newsroom/tasmanian-world-first-ai-factory-zone-clears-path-for-firmus-project-southgate,2025-07-01,it_load_mw,,True,verified_primary_stage_capacity,Project page also says up to 400MW compute capacity including a later 300MW stage subject to final approvals; only 90MW Stage 1 is counted as under-construction project MW.,source_url_unclassified,B,True,0,
Doma Minchinbury,Doma Minchinbury DC,Doma Infrastructure Group,Developer,NSW,NSW1,Under Construction,62.0,62.0,2028.0,PR Newswire / Starwood-Doma-Telstra announcement,https://www.prnewswire.com/apac/news-releases/starwood-capital-group-doma-infrastructure-group-and-telstra-infraco-announce-agreement-to-develop-62mw-ai-optimised-data-centre-in-western-sydney-302613655.html,2025-11-13,it_load_mw,,True,verified_secondary,,named_secondary_url,B,True,2,"No disclosed capex; downstream model fills estimated capex. | PUE/WUE is benchmark, design-target, or portfolio/global average, not facility-specific."
Three Springs Data Centre,Three Springs Hybrid Solar BESS Data Centre,Pilot Energy,Developer,WA,WA,Proposed,50.0,,2029.0,Pilot Energy ASX announcement,https://investorpa.com/announcement-pdf/20260106/242164.pdf,2026-01-06,campus_full_build_mw,,True,verified_primary_planning_pending,Proposed behind-the-meter data centre tied to hybrid solar/BESS development; risk weight remains zero while proposed.,source_url_unclassified,B,True,3,"No critical_it_mw, so energy/load calculations infer IT load from PUE. | No disclosed capex; downstream model fills estimated capex. | PUE/WUE is benchmark, design-target, or portfolio/global average, not facility-specific."
Dongara Data Centre,Dongara Data Centre,Pilot Energy,Developer,WA,WA,Operating,1.0,0.4,2026.0,Pilot Energy ASX announcement,https://company-announcements.afr.com/asx/pgy/cc2694f7-438a-11f1-a82c-cad0a84b142a.pdf,2026-04-29,gross_power_mw,,True,verified_primary_gross_power,Forward plan is expansion to 4MW in 2H CY2026; current counted facility MW is the first installed module only.,source_url_unclassified,B,True,2,"No disclosed capex; downstream model fills estimated capex. | PUE/WUE is benchmark, design-target, or portfolio/global average, not facility-specific."
Mamre Road Data Centre Campus,Mamre Road Data Centre Campus,Plan Project Management,Developer,NSW,NSW1,Proposed,1000.0,,,NSW Planning Portal SEARs,https://majorprojects.planningportal.nsw.gov.au/prweb/PRRestService/mp/01/getContent?AttachRef=SSD-92743706%2120250930T225822.532+GMT,2025-09-30,power_consumption_mw,,True,verified_primary_planning_pending,Early SEARs-stage campus envelope from public NSW planning evidence. Risk weight remains zero while proposed.,primary_url,A,True,2,"No critical_it_mw, so energy/load calculations infer IT load from PUE. | PUE/WUE is benchmark, design-target, or portfolio/global average, not facility-specific."
Keppel Morwell,Keppel Morwell Campus,Keppel Data Centres,Developer,VIC,VIC1,Proposed,720.0,,,Keppel official release,https://www.keppel.com/media/keppel-secures-720mw-powerbank-for-ai-data-centre-campus-near-melbourne-expanding-powerbank-to-over-1gw/,2026-01-15,gross_power_mw,,True,verified_primary_gross_power_predevelopment,,primary_url,A,True,2,"No critical_it_mw, so energy/load calculations infer IT load from PUE. | No disclosed capex; downstream model fills estimated capex."
S7,NEXTDC S7,NEXTDC,Colocation,NSW,NSW1,Proposed,550.0,,,NEXTDC official release,https://www.nextdc.com/news/nextdc-acquires-new-sydney-data-centre-s7,2024-10-17,campus_full_build_mw,,True,verified_primary_planning_pending,,primary_url,A,True,3,"No critical_it_mw, so energy/load calculations infer IT load from PUE. | No disclosed capex; downstream model fills estimated capex. | PUE/WUE is benchmark, design-target, or portfolio/global average, not facility-specific."
Marsden Park,CDC Marsden Park,CDC Data Centres,Colocation,NSW,NSW1,Approved,504.0,,,NSW Planning Portal SSD-70889211; Infratil CDC Investor Day Presentation 26 Mar 2026,https://www.planningportal.nsw.gov.au/major-projects/projects/marsden-park-data-centre,,power_consumption_mw,,True,verified_primary_power_consumption_staged,"Staged campus: NSW approval covers six buildings/504MW power consumption; Infratil March 2026 presentation shows MP1 and states first of six buildings complete. No stage-level MW is disclosed, so this row remains the approved campus power-consumption envelope rather than MP1 operating capacity. 2026-09-19: power_secured set True - the approved development description includes a dedicated 720 MW on-site substation (verified live on the NSW Planning page); grid_connection_mva recorded as 720.",primary_url,A,True,3,"No critical_it_mw, so energy/load calculations infer IT load from PUE. | No disclosed capex; downstream model fills estimated capex. | PUE/WUE is benchmark, design-target, or portfolio/global average, not facility-specific."
Project Atlas Eastern Creek,Project Atlas Data Centre Eastern Creek,Goodman Group,Developer,NSW,NSW1,Proposed,500.0,,,NSW Planning Portal SEARs,https://majorprojects.planningportal.nsw.gov.au/prweb/PRRestService/mp/01/getContent?AttachRef=SSD-101067971%2120260115T223133.879+GMT,2026-01-16,power_consumption_mw,,True,verified_primary_planning_pending,SEARs-stage power-consumption envelope from public NSW planning document; risk weight remains zero while proposed.,primary_url,A,True,2,"No critical_it_mw, so energy/load calculations infer IT load from PUE. | PUE/WUE is benchmark, design-target, or portfolio/global average, not facility-specific."
CDC Laverton,CDC Laverton,CDC Data Centres,Colocation,VIC,VIC1,Under Construction,400.0,,2026.0,CDC official Melbourne location page,https://cdc.com/locations/melbourne/,,campus_full_build_mw,,True,verified_primary,,primary_url,A,True,4,"Under-construction row has no explicit power_secured evidence flag. | No critical_it_mw, so energy/load calculations infer IT load from PUE. | No disclosed capex; downstream model fills estimated capex. | PUE/WUE is benchmark, design-target, or portfolio/global average, not facility-specific."
Stack Infrastructure Sydney,Stack SYD,Stack Infrastructure,Developer,NSW,NSW1,Proposed,360.0,,2028.0,STACK official SYD01 page,https://www.stackinfra.com/locations/asia-pacific/sydney/syd01/,,campus_full_build_mw,,True,verified_primary_campus_capacity,,primary_url,A,True,3,"No critical_it_mw, so energy/load calculations infer IT load from PUE. | No disclosed capex; downstream model fills estimated capex. | PUE/WUE is benchmark, design-target, or portfolio/global average, not facility-specific."
MEL2,AirTrunk MEL2,AirTrunk,Colocation,VIC,VIC1,Proposed,354.0,,2027.0,AirTrunk official Dec 2025 portfolio media release,https://airtrunk.com/airtrunk-expands-australian-platform-with-a-second-hyperscale-data-centre-campus-in-melbourne/,2025-12-24,campus_full_build_mw,,True,verified_primary,,primary_url,A,True,2,"No critical_it_mw, so energy/load calculations infer IT load from PUE. | PUE/WUE is benchmark, design-target, or portfolio/global average, not facility-specific."
S4,NEXTDC S4,NEXTDC,Colocation,NSW,NSW1,Proposed,350.0,350.0,2028.0,NEXTDC official facility/location page,https://www.nextdc.com/data-centres/melbourne-data-centres/m4-melbourne,,it_load_mw,,True,verified_primary,,primary_url,A,True,2,"No disclosed capex; downstream model fills estimated capex. | PUE/WUE is benchmark, design-target, or portfolio/global average, not facility-specific."
CDC Brooklyn,CDC Brooklyn Campus,CDC Data Centres,Colocation,VIC,VIC1,Under Construction,350.0,,2016.0,CDC official Melbourne location page,https://cdc.com/locations/melbourne/,,campus_full_build_mw,,True,verified_primary,,primary_url,A,True,3,"Under-construction row has no explicit power_secured evidence flag. | No critical_it_mw, so energy/load calculations infer IT load from PUE. | No disclosed capex; downstream model fills estimated capex."
SYD3,AirTrunk SYD3,AirTrunk,Colocation,NSW,NSW1,Under Construction,330.0,320.0,2026.0,AirTrunk official Dec 2025 portfolio media release,https://airtrunk.com/airtrunk-expands-australian-platform-with-a-second-hyperscale-data-centre-campus-in-melbourne/,2025-12-24,campus_full_build_mw,,True,verified_primary,,primary_url,A,True,3,"Under-construction row has no explicit power_secured evidence flag. | No disclosed capex; downstream model fills estimated capex. | PUE/WUE is benchmark, design-target, or portfolio/global average, not facility-specific."
MEL1,AirTrunk MEL1,AirTrunk,Colocation,VIC,VIC1,Operating,276.0,,2020.0,AirTrunk official Dec 2025 portfolio media release,https://airtrunk.com/airtrunk-expands-australian-platform-with-a-second-hyperscale-data-centre-campus-in-melbourne/,2025-12-24,campus_full_build_mw,,True,verified_primary,,primary_url,A,True,3,"No critical_it_mw, so energy/load calculations infer IT load from PUE. | No disclosed capex; downstream model fills estimated capex. | PUE/WUE is benchmark, design-target, or portfolio/global average, not facility-specific."
STACK MEL02,STACK Melbourne MEL02,Stack Infrastructure,Developer,VIC,VIC1,Proposed,252.0,,,STACK official MEL02 campus page,https://www.stackinfra.com/locations/asia-pacific/melbourne/mel02/,,campus_full_build_mw,,True,verified_primary_planning_pending,Official campus capacity; row is risk-weighted as proposed until construction status is publicly verified.,primary_url,A,True,3,"No critical_it_mw, so energy/load calculations infer IT load from PUE. | No disclosed capex; downstream model fills estimated capex. | PUE/WUE is benchmark, design-target, or portfolio/global average, not facility-specific."
M3,NEXTDC M3,NEXTDC,Colocation,VIC,VIC1,Operating,225.0,225.0,2022.0,NEXTDC official facility/location page,https://www.nextdc.com/data-centres/melbourne-data-centres/m4-melbourne,,it_load_mw,,True,verified_primary,,primary_url,A,True,2,"No disclosed capex; downstream model fills estimated capex. | PUE/WUE is benchmark, design-target, or portfolio/global average, not facility-specific."
Glendenning Road Data Centre,Glendenning Road Data Centre,Unattributed Planning Applicant,Developer,NSW,NSW1,Proposed,202.4,,,NSW Planning Portal project page,https://www.planningportal.nsw.gov.au/major-projects/projects/glendenning-road-data-centre,,power_consumption_mw,,True,verified_primary_planning_pending,Operator/sponsor not assigned because the public planning summary verifies project and MW but not hyperscaler ownership.,primary_url,A,True,3,"No critical_it_mw, so energy/load calculations infer IT load from PUE. | No disclosed capex; downstream model fills estimated capex. | PUE/WUE is benchmark, design-target, or portfolio/global average, not facility-specific."
Eastern Creek,CDC Eastern Creek,CDC Data Centres,Colocation,NSW,NSW1,Operating,200.0,,2018.0,CDC official Sydney location page,https://cdc.com/locations/sydney/,,campus_full_build_mw,,True,verified_primary,,primary_url,A,True,2,"No critical_it_mw, so energy/load calculations infer IT load from PUE. | No disclosed capex; downstream model fills estimated capex."
CDC Maddington,CDC Maddington Campus,CDC Data Centres,Colocation,WA,WA,Under Construction,200.0,,2027.0,CDC official Perth location page,https://cdc.com/locations/perth/,,campus_full_build_mw,,True,verified_primary,,primary_url,A,True,3,"Under-construction row has no explicit power_secured evidence flag. | No critical_it_mw, so energy/load calculations infer IT load from PUE. | PUE/WUE is benchmark, design-target, or portfolio/global average, not facility-specific."
STACK MEL01,STACK Melbourne MEL01,Stack Infrastructure,Developer,VIC,VIC1,Under Construction,180.0,,2023.0,STACK official MEL01 campus page,https://www.stackinfra.com/locations/asia-pacific/melbourne/mel01/,,campus_full_build_mw,,True,verified_primary_campus_capacity,Campus full-build capacity from official STACK page; A/B are operating while C/D expansion means stage split is not stored.,primary_url,A,True,3,"No critical_it_mw, so energy/load calculations infer IT load from PUE. | No disclosed capex; downstream model fills estimated capex. | PUE/WUE is benchmark, design-target, or portfolio/global average, not facility-specific."
SYD2,AirTrunk SYD2,AirTrunk,Colocation,NSW,NSW1,Operating,158.0,,2021.0,AirTrunk official Dec 2025 portfolio media release,https://airtrunk.com/airtrunk-expands-australian-platform-with-a-second-hyperscale-data-centre-campus-in-melbourne/,2025-12-24,campus_full_build_mw,,True,verified_primary,,primary_url,A,True,3,"No critical_it_mw, so energy/load calculations infer IT load from PUE. | No disclosed capex; downstream model fills estimated capex. | PUE/WUE is benchmark, design-target, or portfolio/global average, not facility-specific."
M4,NEXTDC M4,NEXTDC,Colocation,VIC,VIC1,Proposed,150.0,150.0,,NEXTDC official facility page,https://www.nextdc.com/data-centres/melbourne-data-centres/m4-melbourne,,it_load_mw,,True,verified_primary_planning_pending,,primary_url,A,True,2,"No disclosed capex; downstream model fills estimated capex. | PUE/WUE is benchmark, design-target, or portfolio/global average, not facility-specific."
SYD1,AirTrunk SYD1,AirTrunk,Colocation,NSW,NSW1,Operating,121.0,,2018.0,AirTrunk official Dec 2025 portfolio media release,https://airtrunk.com/airtrunk-expands-australian-platform-with-a-second-hyperscale-data-centre-campus-in-melbourne/,2025-12-24,campus_full_build_mw,,True,verified_primary,,primary_url,A,True,3,"No critical_it_mw, so energy/load calculations infer IT load from PUE. | No disclosed capex; downstream model fills estimated capex. | PUE/WUE is benchmark, design-target, or portfolio/global average, not facility-specific."
M2,NEXTDC M2,NEXTDC,Colocation,VIC,VIC1,Operating,120.0,120.0,2018.0,NEXTDC official facility/location page,https://www.nextdc.com/data-centres/melbourne-data-centres/m4-melbourne,,it_load_mw,,True,verified_primary,,primary_url,A,True,2,"No disclosed capex; downstream model fills estimated capex. | PUE/WUE is benchmark, design-target, or portfolio/global average, not facility-specific."
Fujitsu Greystanes,Fujitsu Western Sydney,Fujitsu,Technology,NSW,NSW1,Operating,92.0,92.0,2010.0,Fujitsu official Australian data-centre locations page,https://www.fujitsu.com/au/services/data-centres,,it_load_mw,,True,verified_primary_it_load,,primary_url,A,True,2,"No disclosed capex; downstream model fills estimated capex. | PUE/WUE is benchmark, design-target, or portfolio/global average, not facility-specific."
S3,NEXTDC S3,NEXTDC,Colocation,NSW,NSW1,Operating,80.0,80.0,2020.0,NEXTDC official facility/location page,https://www.nextdc.com/data-centres/melbourne-data-centres/m4-melbourne,,it_load_mw,,True,verified_primary,,primary_url,A,True,2,"No disclosed capex; downstream model fills estimated capex. | PUE/WUE is benchmark, design-target, or portfolio/global average, not facility-specific."
EdgeConneX Macquarie Park,EdgeConneX Macquarie Park,EdgeConneX,Developer,NSW,NSW1,Approved,76.4,51.4,2027.0,"NSW Planning Portal Development Consent SSD-63235720 (1-5 Khartoum Road Data Centre, determined 11 Mar 2026); NSW DPHI State Significant Development Assessment Report Mar 2026",https://www.planningportal.nsw.gov.au/major-projects/projects/1-5-khartoum-road-data-centre,2026-03-11,power_consumption_mw,,True,verified_primary_power_consumption,"Promoted 2026-09-19 from a secondary pipeline source (DCD reported a 100MW+ MPark Stage 2 data centre; the 100 MW figure was unsupported) to the primary NSW development consent for the Stockland/EdgeConneX JV building at 1-5 Khartoum Road: 76.4 MW maximum power consumption, 51.4 MW IT load. The Planning Portal summary line still shows a stale ""5 storey / 35 MW"" description; the consent instrument and assessment report prevail. power_secured stays False - no grid connection or power supply agreement evidence is public.",primary_url,A,True,2,"No disclosed capex; downstream model fills estimated capex. | PUE/WUE is benchmark, design-target, or portfolio/global average, not facility-specific."
Project Pluto Guildford West,Project Pluto Data Centre,Goodman Group,Developer,NSW,NSW1,Proposed,68.0,68.0,,NSW Planning Portal submissions report,https://majorprojects.planningportal.nsw.gov.au/prweb/PRRestService/mp/01/getContent?AttachRef=EXH-83609722%2120250807T011428.636+GMT,2025-08-07,it_load_mw,,True,verified_primary_planning_pending,"Updated from earlier 126MW planning lead to the later public SSDA submissions report, which describes the exhibited project as 68MW in two 34MW stages.",primary_url,A,True,1,"PUE/WUE is benchmark, design-target, or portfolio/global average, not facility-specific."
Vantage MEL1,Vantage MEL1,Vantage Data Centers,Colocation,VIC,VIC1,Operating,64.0,64.0,,Vantage official MEL1 page,https://vantage-dc.com/data-center-locations/apac/melbourne-australia/,,it_load_mw,,True,verified_primary,,primary_url,A,True,1,No disclosed capex; downstream model fills estimated capex.
DCI Sydney,DCI Sydney,DCI Data Centres,Colocation,NSW,NSW1,Under Construction,63.0,63.0,2026.0,"NSW SSD-21342738 Consolidated Consent (Mod 2, determined 5 Aug 2026) - Eastern Creek Data Centre Expansion Project (SYD02); DCI Data Centers news release Jul 2026",https://dcidatacenters.com/wp-content/uploads/2026/09/SSD-21342738-Instrument-of-Consent-Mod-2.pdf,2026-08-05,it_load_mw,,True,verified_primary_it_load,"Promoted 2026-09-19 from a no-MW row (the legacy 100 MW was unsupported) to the NSW consolidated consent for SYD02 at 90 Peter Brock Drive, Eastern Creek: IT power consumption capped at 63 MW, total power consumption up to 100 MVA. Suburb corrected from Erskine Park to Eastern Creek to match the consent site. The original Blacktown City Council DA (Jan 2021) was for 36 MW; SSD Mod 2 supersedes it at 63 MW.",primary_url,A,True,3,"Under-construction row has no explicit power_secured evidence flag. | No disclosed capex; downstream model fills estimated capex. | PUE/WUE is benchmark, design-target, or portfolio/global average, not facility-specific."
Hume,CDC Hume,CDC Data Centres,Colocation,NSW,NSW1,Operating,51.0,,2015.0,CDC official Canberra location page,https://cdc.com/locations/canberra/,,campus_full_build_mw,,True,verified_primary,,primary_url,A,True,2,"No critical_it_mw, so energy/load calculations infer IT load from PUE. | No disclosed capex; downstream model fills estimated capex."
IC3 Super West,Macquarie IC3 Super West,Macquarie Data Centres,Colocation,NSW,NSW1,Under Construction,47.0,47.0,2026.0,Macquarie Data Centres official page,https://www.macquariedatacentres.com/data-centres/sydney/macquarie-park-campus/ic3-super-west/,,it_load_mw,,True,verified_primary_it_load,,primary_url,A,True,2,"No disclosed capex; downstream model fills estimated capex. | PUE/WUE is benchmark, design-target, or portfolio/global average, not facility-specific."
Fyshwick,CDC Fyshwick,CDC Data Centres,Colocation,NSW,NSW1,Operating,45.0,,2010.0,CDC official Canberra location page,https://cdc.com/locations/canberra/,,campus_full_build_mw,,True,verified_primary,,primary_url,A,True,2,"No critical_it_mw, so energy/load calculations infer IT load from PUE. | No disclosed capex; downstream model fills estimated capex."
CDC Beard,CDC Beard Campus,CDC Data Centres,Colocation,NSW,NSW1,Under Construction,39.0,,2027.0,CDC official Canberra location page,https://cdc.com/locations/canberra/,,campus_full_build_mw,,True,verified_primary,,primary_url,A,True,4,"Under-construction row has no explicit power_secured evidence flag. | No critical_it_mw, so energy/load calculations infer IT load from PUE. | No disclosed capex; downstream model fills estimated capex. | PUE/WUE is benchmark, design-target, or portfolio/global average, not facility-specific."
S2,NEXTDC S2,NEXTDC,Colocation,NSW,NSW1,Operating,30.0,30.0,2015.0,NEXTDC official facility/location page,https://www.nextdc.com/data-centres/melbourne-data-centres/m4-melbourne,,it_load_mw,,True,verified_primary,,primary_url,A,True,2,"No disclosed capex; downstream model fills estimated capex. | PUE/WUE is benchmark, design-target, or portfolio/global average, not facility-specific."
Equinix SY9x,Equinix SY9x,Equinix,Colocation,NSW,NSW1,Operating,28.0,,2024.0,Equinix official xScale press release,https://newsroom.equinix.com/2022-06-14-Equinix-and-PGIM-Real-Estate-Open-First-xScale-TM-Data-Centre-in-Sydney-for-Hyperscalers,2022-06-14,gross_power_mw,,True,verified_primary,,primary_url,A,True,3,"No critical_it_mw, so energy/load calculations infer IT load from PUE. | No disclosed capex; downstream model fills estimated capex. | PUE/WUE is benchmark, design-target, or portfolio/global average, not facility-specific."
Equinix SY10x,Equinix SY10x,Equinix,Colocation,NSW,NSW1,Under Construction,28.0,,2026.0,Equinix official xScale press release,https://newsroom.equinix.com/2022-06-14-Equinix-and-PGIM-Real-Estate-Open-First-xScale-TM-Data-Centre-in-Sydney-for-Hyperscalers,2022-06-14,gross_power_mw,,True,verified_primary,,primary_url,A,True,4,"Under-construction row has no explicit power_secured evidence flag. | No critical_it_mw, so energy/load calculations infer IT load from PUE. | No disclosed capex; downstream model fills estimated capex. | PUE/WUE is benchmark, design-target, or portfolio/global average, not facility-specific."
DigiCo SYD1,DigiCo Sydney SYD1,DigiCo Infrastructure REIT,Colocation,NSW,NSW1,Operating,26.0,26.0,,DigiCo official Sydney SYD1 location page,https://www.digi-co.com.au/location/sydney-syd1/,,it_load_mw,,True,verified_primary_it_load,Renamed from legacy Global Switch SYD row to current DigiCo SYD1. Facility MW records installed IT capacity only; planned 88MW is retained in campus_full_build_mw/evidence but not used as current operating MW.,primary_url,A,True,1,No disclosed capex; downstream model fills estimated capex.
P2,NEXTDC P2,NEXTDC,Colocation,WA,WA,Operating,20.0,20.0,2018.0,NEXTDC official facility/location page,https://www.nextdc.com/data-centres/melbourne-data-centres/m4-melbourne,,it_load_mw,,True,verified_primary,,primary_url,A,True,2,"No disclosed capex; downstream model fills estimated capex. | PUE/WUE is benchmark, design-target, or portfolio/global average, not facility-specific."
GreenSquareDC Norwest,GreenSquareDC Norwest,GreenSquareDC,Colocation,NSW,NSW1,Operating,20.0,20.0,2023.0,GreenSquareDC official Partners Group acquisition announcement; w.media Sep 2025 SYD1 milestones article,https://greensquaredc.com/partners-group-to-acquire-australian-data-center-provider-greensquaredc/,,it_load_mw,,True,verified_primary,w.media Sep 2025 confirms 20MW existing capacity at the Norwest site. Previously quarantined because only 96MW campus potential was known; now verified with stage-level MW.,primary_url,A,True,2,"No disclosed capex; downstream model fills estimated capex. | PUE/WUE is benchmark, design-target, or portfolio/global average, not facility-specific."
DigiCo BNE3,DigiCo Brisbane BNE3,DigiCo Infrastructure REIT,Colocation,QLD,QLD1,Proposed,19.6,19.6,2027.0,DigiCo official Brisbane BNE3 location page,https://www.digi-co.com.au/location/brisbane-bne3/,,it_load_mw,,True,verified_primary_it_load,Corrected legacy operating/directory row to proposed greenfield BNE3 project with official DigiCo estimated IT capacity.,primary_url,A,True,1,No disclosed capex; downstream model fills estimated capex.
S1,NEXTDC S1,NEXTDC,Colocation,NSW,NSW1,Operating,16.0,16.0,2012.0,NEXTDC official facility/location page,https://www.nextdc.com/data-centres/melbourne-data-centres/m4-melbourne,,it_load_mw,,True,verified_primary,,primary_url,A,True,2,"No disclosed capex; downstream model fills estimated capex. | PUE/WUE is benchmark, design-target, or portfolio/global average, not facility-specific."
M1,NEXTDC M1,NEXTDC,Colocation,VIC,VIC1,Operating,16.0,16.0,2012.0,NEXTDC official facility/location page,https://www.nextdc.com/data-centres/melbourne-data-centres/m4-melbourne,,it_load_mw,,True,verified_primary,,primary_url,A,True,2,"No disclosed capex; downstream model fills estimated capex. | PUE/WUE is benchmark, design-target, or portfolio/global average, not facility-specific."
B2,NEXTDC B2,NEXTDC,Colocation,QLD,QLD1,Operating,12.0,12.0,2019.0,NEXTDC official facility/location page,https://www.nextdc.com/data-centres/melbourne-data-centres/m4-melbourne,,it_load_mw,,True,verified_primary,,primary_url,A,True,2,"No disclosed capex; downstream model fills estimated capex. | PUE/WUE is benchmark, design-target, or portfolio/global average, not facility-specific."
IC3 East,Macquarie IC3 East,Macquarie Data Centres,Colocation,NSW,NSW1,Operating,12.0,12.0,2020.0,Macquarie Technology official IC3 East page,https://www.macquarietechnologygroup.com/our-data-centres/sydney-data-centre-ic3-east/,,it_load_mw,,True,verified_primary_it_load,,primary_url,A,True,1,No disclosed capex; downstream model fills estimated capex.
P1,NEXTDC P1,NEXTDC,Colocation,WA,WA,Operating,10.0,10.0,2013.0,NEXTDC official facility/location page,https://www.nextdc.com/data-centres/melbourne-data-centres/m4-melbourne,,it_load_mw,,True,verified_primary,,primary_url,A,True,2,"No disclosed capex; downstream model fills estimated capex. | PUE/WUE is benchmark, design-target, or portfolio/global average, not facility-specific."
Telstra St Leonards,Telstra St Leonards DC,Telstra InfraCo,Telecom,NSW,NSW1,Operating,10.0,,,Telstra Wholesale/InfraCo official data-centre specifications,https://www.telstrawholesale.com.au/products/data/telstra-infraco-data-centres.html,,gross_power_mw,,True,verified_primary_gross_power,,primary_url,A,True,2,"No critical_it_mw, so energy/load calculations infer IT load from PUE. | No disclosed capex; downstream model fills estimated capex."
Telstra Clayton,Telstra Clayton DC,Telstra InfraCo,Telecom,VIC,VIC1,Operating,10.0,,,Telstra Wholesale/InfraCo official data-centre specifications,https://www.telstrawholesale.com.au/products/data/telstra-infraco-data-centres.html,,gross_power_mw,,True,verified_primary_gross_power,,primary_url,A,True,2,"No critical_it_mw, so energy/load calculations infer IT load from PUE. | No disclosed capex; downstream model fills estimated capex."
A1,NEXTDC A1,NEXTDC,Colocation,SA,SA1,Operating,5.0,5.0,2016.0,NEXTDC official facility/location page,https://www.nextdc.com/data-centres/melbourne-data-centres/m4-melbourne,,it_load_mw,,True,verified_primary,,primary_url,A,True,2,"No disclosed capex; downstream model fills estimated capex. | PUE/WUE is benchmark, design-target, or portfolio/global average, not facility-specific."
C1,NEXTDC C1,NEXTDC,Colocation,NSW,NSW1,Operating,4.4,4.4,2013.0,NEXTDC official facility/location page,https://www.nextdc.com/data-centres/melbourne-data-centres/m4-melbourne,,it_load_mw,,True,verified_primary,,primary_url,A,True,2,"No disclosed capex; downstream model fills estimated capex. | PUE/WUE is benchmark, design-target, or portfolio/global average, not facility-specific."
Fujitsu Homebush,Fujitsu Homebush,Fujitsu,Technology,NSW,NSW1,Operating,3.0,3.0,2008.0,Fujitsu official Australian data-centre locations page,https://www.fujitsu.com/au/services/data-centres,,it_load_mw,,True,verified_primary_it_load,,primary_url,A,True,2,"No disclosed capex; downstream model fills estimated capex. | PUE/WUE is benchmark, design-target, or portfolio/global average, not facility-specific."
B1,NEXTDC B1,NEXTDC,Colocation,QLD,QLD1,Operating,2.25,2.25,2013.0,NEXTDC official facility/location page,https://www.nextdc.com/data-centres/melbourne-data-centres/m4-melbourne,,it_load_mw,,True,verified_primary,,primary_url,A,True,2,"No disclosed capex; downstream model fills estimated capex. | PUE/WUE is benchmark, design-target, or portfolio/global average, not facility-specific."
IC1,Macquarie IC1 Sydney CBD,Macquarie Data Centres,Colocation,NSW,NSW1,Operating,2.0,2.0,2010.0,Macquarie Data Centres official IC1 page,https://www.macquariedatacentres.com/data-centres/sydney/sydney-cbd-campus-ic1/,,it_load_mw,,True,verified_primary_it_load,,primary_url,A,True,1,No disclosed capex; downstream model fills estimated capex.
NCI Gadi,NCI National Computational Infrastructure,NCI,Technology,NSW,NSW1,Operating,2.0,,2020.0,NCI official data centre page,https://nci.org.au/about-us/data-centre,,gross_power_mw,,True,verified_primary_gross_power_minimum,Recorded as 2MW minimum because source says more than 2MW; do not treat as exact maximum capacity.,primary_url,A,True,2,"No critical_it_mw, so energy/load calculations infer IT load from PUE. | No disclosed capex; downstream model fills estimated capex."
DigiCo BNE1,DigiCo Brisbane BNE1,DigiCo Infrastructure REIT,Colocation,QLD,QLD1,Operating,1.8,1.8,,DigiCo official Brisbane BNE1 location page,https://www.digi-co.com.au/location/brisbane-bne1/,,it_load_mw,,True,verified_primary_it_load,Replaced legacy 6MW/directory source with DigiCo official installed IT capacity.,primary_url,A,True,1,No disclosed capex; downstream model fills estimated capex.
DigiCo BNE2,DigiCo Brisbane BNE2,DigiCo Infrastructure REIT,Colocation,QLD,QLD1,Operating,1.7,1.7,,DigiCo official Brisbane BNE2 location page,https://www.digi-co.com.au/location/brisbane-bne2/,,it_load_mw,,True,verified_primary_it_load,Replaced directory source with DigiCo official installed IT capacity.,primary_url,A,True,1,No disclosed capex; downstream model fills estimated capex.
LEDC Newcastle,Leading Edge Newcastle,Leading Edge Data Centres,Colocation,NSW,NSW1,Operating,1.5,,,Leading Edge Data Centres official location page,https://leadingedgedc.com/dc_location/newcastle/,,gross_power_mw,,True,verified_primary_gross_power,,primary_url,A,True,2,"No critical_it_mw, so energy/load calculations infer IT load from PUE. | No disclosed capex; downstream model fills estimated capex."
DigiCo ADL1,DigiCo Adelaide ADL1,DigiCo Infrastructure REIT,Colocation,SA,SA1,Operating,1.2,1.2,,DigiCo official Adelaide ADL1 location page,https://www.digi-co.com.au/location/adelaide-adl1/,,it_load_mw,,True,verified_primary_it_load,Replaced YourDC acquisition source/no-MW row with DigiCo official installed IT capacity.,primary_url,A,True,1,No disclosed capex; downstream model fills estimated capex.
D1,NEXTDC D1,NEXTDC,Colocation,VIC,VIC1,Operating,1.0,1.0,2020.0,NEXTDC official facility/location page,https://www.nextdc.com/data-centres/melbourne-data-centres/m4-melbourne,,it_load_mw,,True,verified_primary,,primary_url,A,True,2,"No disclosed capex; downstream model fills estimated capex. | PUE/WUE is benchmark, design-target, or portfolio/global average, not facility-specific."
LEDC Albury,Leading Edge Albury,Leading Edge Data Centres,Colocation,NSW,NSW1,Operating,0.75,,,Leading Edge Data Centres official location page,https://leadingedgedc.com/dc_location/albury/,,gross_power_mw,,True,verified_primary_gross_power,,primary_url,A,True,2,"No critical_it_mw, so energy/load calculations infer IT load from PUE. | No disclosed capex; downstream model fills estimated capex."
LEDC Dubbo,Leading Edge Dubbo,Leading Edge Data Centres,Colocation,NSW,NSW1,Operating,0.75,,,Leading Edge Data Centres official location page,https://leadingedgedc.com/dc_location/dubbo/,,gross_power_mw,,True,verified_primary_gross_power,,primary_url,A,True,2,"No critical_it_mw, so energy/load calculations infer IT load from PUE. | No disclosed capex; downstream model fills estimated capex."
DigiCo TSV1,DigiCo Townsville TSV1,DigiCo Infrastructure REIT,Colocation,QLD,QLD1,Operating,0.5,0.5,,DigiCo official Townsville TSV1 location page,https://www.digi-co.com.au/location/townsville-tsv1/,,it_load_mw,,True,verified_primary_it_load,Replaced council/directory source with DigiCo official installed IT capacity.,primary_url,A,True,1,No disclosed capex; downstream model fills estimated capex.
LEDC Tamworth,Leading Edge Tamworth,Leading Edge Data Centres,Colocation,NSW,NSW1,Operating,0.375,,,Leading Edge Data Centres official location page,https://leadingedgedc.com/dc_location/tamworth/,,gross_power_mw,,True,verified_primary_gross_power,,primary_url,A,True,2,"No critical_it_mw, so energy/load calculations infer IT load from PUE. | No disclosed capex; downstream model fills estimated capex."
LEDC Wagga Wagga,Leading Edge Wagga Wagga,Leading Edge Data Centres,Colocation,NSW,NSW1,Operating,0.3,,,Leading Edge Data Centres official location page,https://leadingedgedc.com/dc_location/wagga-wagga/,,gross_power_mw,,True,verified_primary_gross_power,,primary_url,A,True,2,"No critical_it_mw, so energy/load calculations infer IT load from PUE. | No disclosed capex; downstream model fills estimated capex."
LEDC Coffs Harbour,Leading Edge Coffs Harbour,Leading Edge Data Centres,Colocation,NSW,NSW1,Operating,0.3,,,Leading Edge Data Centres official location page,https://leadingedgedc.com/dc_location/coffs-harbour/,,gross_power_mw,,True,verified_primary_gross_power,,primary_url,A,True,2,"No critical_it_mw, so energy/load calculations infer IT load from PUE. | No disclosed capex; downstream model fills estimated capex."
Equinix SY6,Equinix SY6,Equinix,Colocation,NSW,NSW1,Operating,,,2021.0,Equinix official SY6 page; MW not disclosed,https://www.equinix.com/data-centers/asia-pacific-colocation/australia-colocation/sydney-data-centers/sy6,,facility_exists_no_mw_disclosed,,False,permanently_excluded_no_mw_disclosed,"Official facility page located, but legacy MW could not be verified and was removed from audit trail. Permanently classified 2026-09-19: official source re-checked live and still discloses no MW (URL live, no facility MW figure in page text). No row-level MW evidence exists to promote this row, so it stays excluded from project totals and leaves the pending quarantine queue.",primary_url,A,True,3,"No facility_mw recorded. | No disclosed capex; downstream model fills estimated capex. | PUE/WUE is benchmark, design-target, or portfolio/global average, not facility-specific."
Equinix SY5,Equinix SY5,Equinix,Colocation,NSW,NSW1,Operating,,,2019.0,Equinix official SY5 page; MW not disclosed,https://www.equinix.com/data-centers/asia-pacific-colocation/australia-colocation/sydney-data-centers/sy5,,facility_exists_no_mw_disclosed,,False,permanently_excluded_no_mw_disclosed,"Official facility page located, but legacy MW could not be verified and was removed from audit trail. Permanently classified 2026-09-19: official source re-checked live and still discloses no MW (URL live, no facility MW figure in page text). No row-level MW evidence exists to promote this row, so it stays excluded from project totals and leaves the pending quarantine queue.",primary_url,A,True,3,"No facility_mw recorded. | No disclosed capex; downstream model fills estimated capex. | PUE/WUE is benchmark, design-target, or portfolio/global average, not facility-specific."
Equinix SY4,Equinix SY4,Equinix,Colocation,NSW,NSW1,Operating,,,2016.0,Equinix official SY4 page; MW not disclosed,https://www.equinix.com/data-centers/asia-pacific-colocation/australia-colocation/sydney-data-centers/sy4,,facility_exists_no_mw_disclosed,,False,permanently_excluded_no_mw_disclosed,"Official facility page located, but legacy MW could not be verified and was removed from audit trail. Permanently classified 2026-09-19: official source re-checked live and still discloses no MW (URL live, no facility MW figure in page text). No row-level MW evidence exists to promote this row, so it stays excluded from project totals and leaves the pending quarantine queue.",primary_url,A,True,3,"No facility_mw recorded. | No disclosed capex; downstream model fills estimated capex. | PUE/WUE is benchmark, design-target, or portfolio/global average, not facility-specific."
Equinix SY3,Equinix SY3,Equinix,Colocation,NSW,NSW1,Operating,,,2014.0,Equinix official SY3 page; MW not disclosed,https://www.equinix.com/data-centers/asia-pacific-colocation/australia-colocation/sydney-data-centers/sy3,,facility_exists_no_mw_disclosed,,False,permanently_excluded_no_mw_disclosed,"Official facility page located, but legacy MW could not be verified and was removed from audit trail. Permanently classified 2026-09-19: official source re-checked live and still discloses no MW (URL live, no facility MW figure in page text). No row-level MW evidence exists to promote this row, so it stays excluded from project totals and leaves the pending quarantine queue.",primary_url,A,True,3,"No facility_mw recorded. | No disclosed capex; downstream model fills estimated capex. | PUE/WUE is benchmark, design-target, or portfolio/global average, not facility-specific."
Equinix SY7,Equinix SY7,Equinix,Colocation,NSW,NSW1,Operating,,,2027.0,Equinix official SY7 page; MW not disclosed,https://www.equinix.com/data-centers/asia-pacific-colocation/australia-colocation/sydney-data-centers/sy7,,facility_exists_no_mw_disclosed,,False,permanently_excluded_no_mw_disclosed,"Facility exists but MW figure removed from totals because official page does not disclose MW. Permanently classified 2026-09-19: official source re-checked live and still discloses no MW (URL live, no facility MW figure in page text). No row-level MW evidence exists to promote this row, so it stays excluded from project totals and leaves the pending quarantine queue. Legacy unsupported 50 MW estimate removed from the quarantined screening overlay 2026-09-19 (it was never source-backed).",primary_url,A,True,3,"No facility_mw recorded. | No disclosed capex; downstream model fills estimated capex. | PUE/WUE is benchmark, design-target, or portfolio/global average, not facility-specific."
Equinix ME2,Equinix ME2,Equinix,Colocation,VIC,VIC1,Operating,,,2020.0,Equinix official ME2 page; MW not disclosed,https://www.equinix.com/data-centers/asia-pacific-colocation/australia-colocation/melbourne-data-centers/me2,,facility_exists_no_mw_disclosed,,False,permanently_excluded_no_mw_disclosed,"Official facility page located, but legacy MW could not be verified and was removed from audit trail. Permanently classified 2026-09-19: official source re-checked live and still discloses no MW (URL live, no facility MW figure in page text). No row-level MW evidence exists to promote this row, so it stays excluded from project totals and leaves the pending quarantine queue.",primary_url,A,True,3,"No facility_mw recorded. | No disclosed capex; downstream model fills estimated capex. | PUE/WUE is benchmark, design-target, or portfolio/global average, not facility-specific."
Equinix ME1,Equinix ME1,Equinix,Colocation,VIC,VIC1,Operating,,,2015.0,Equinix official ME1 page; MW not disclosed,https://www.equinix.com/data-centers/asia-pacific-colocation/australia-colocation/melbourne-data-centers/me1,,facility_exists_no_mw_disclosed,,False,permanently_excluded_no_mw_disclosed,"Official facility page located, but legacy MW could not be verified and was removed from audit trail. Permanently classified 2026-09-19: official source re-checked live and still discloses no MW (URL live, no facility MW figure in page text). No row-level MW evidence exists to promote this row, so it stays excluded from project totals and leaves the pending quarantine queue.",primary_url,A,True,3,"No facility_mw recorded. | No disclosed capex; downstream model fills estimated capex. | PUE/WUE is benchmark, design-target, or portfolio/global average, not facility-specific."
Equinix PE1,Equinix PE1,Equinix,Colocation,WA,WA,Operating,,,2019.0,Equinix official PE1 page; MW not disclosed,https://www.equinix.com/data-centers/asia-pacific-colocation/australia-colocation/perth-data-centers/pe1,,facility_exists_no_mw_disclosed,,False,permanently_excluded_no_mw_disclosed,"Official facility page located, but legacy MW could not be verified and was removed from audit trail. Permanently classified 2026-09-19: official source re-checked live and still discloses no MW (URL live, no facility MW figure in page text). No row-level MW evidence exists to promote this row, so it stays excluded from project totals and leaves the pending quarantine queue.",primary_url,A,True,3,"No facility_mw recorded. | No disclosed capex; downstream model fills estimated capex. | PUE/WUE is benchmark, design-target, or portfolio/global average, not facility-specific."
Equinix CA1,Equinix CA1,Equinix,Colocation,NSW,NSW1,Operating,,,2017.0,Equinix official CA1 page; MW not disclosed,https://www.equinix.com/data-centers/asia-pacific-colocation/australia-colocation/canberra-data-centers/ca1,,facility_exists_no_mw_disclosed,,False,permanently_excluded_no_mw_disclosed,"Official facility page located, but legacy MW could not be verified and was removed from audit trail. Permanently classified 2026-09-19: official source re-checked live and still discloses no MW (URL live, no facility MW figure in page text). No row-level MW evidence exists to promote this row, so it stays excluded from project totals and leaves the pending quarantine queue.",primary_url,A,True,3,"No facility_mw recorded. | No disclosed capex; downstream model fills estimated capex. | PUE/WUE is benchmark, design-target, or portfolio/global average, not facility-specific."
Digital Realty SYD11,DRe SYD11,Digital Realty,Colocation,NSW,NSW1,Operating,,,2019.0,Digital Realty official SYD11 page; MW not disclosed,https://www.digitalrealty.com/data-centers/asia-pacific/sydney/syd11,,facility_exists_no_mw_disclosed,,False,permanently_excluded_no_mw_disclosed,"Official facility page located, but legacy MW could not be verified and was removed from audit trail. Permanently classified 2026-09-19: official source re-checked live and still discloses no MW (URL live, no facility MW figure in page text). No row-level MW evidence exists to promote this row, so it stays excluded from project totals and leaves the pending quarantine queue.",primary_url,A,True,3,"No facility_mw recorded. | No disclosed capex; downstream model fills estimated capex. | PUE/WUE is benchmark, design-target, or portfolio/global average, not facility-specific."
Digital Realty MEL1,DRe MEL1,Digital Realty,Colocation,VIC,VIC1,Operating,,,2018.0,Digital Realty official MEL1 page; MW not disclosed,https://www.digitalrealty.com/data-centers/asia-pacific/melbourne,,facility_exists_no_mw_disclosed,,False,permanently_excluded_no_mw_disclosed,"Official facility page located, but legacy MW could not be verified and was removed from audit trail. Permanently classified 2026-09-19: official source re-checked live and still discloses no MW (URL live, no facility MW figure in page text). No row-level MW evidence exists to promote this row, so it stays excluded from project totals and leaves the pending quarantine queue.",primary_url,A,True,3,"No facility_mw recorded. | No disclosed capex; downstream model fills estimated capex. | PUE/WUE is benchmark, design-target, or portfolio/global average, not facility-specific."
Macquarie IC5,Macquarie IC5 Canberra,Macquarie Data Centres,Colocation,NSW,NSW1,Operating,,,2018.0,Macquarie Data Centres official IC5 page; MW undisclosed,https://www.macquariedatacentres.com/data-centres/canberra/ic5/,,facility_exists_no_mw_disclosed,,False,permanently_excluded_no_mw_disclosed,"Official page confirms IC5 exists in Canberra but does not disclose MW; legacy 16MW/Macquarie Park attribution removed. Permanently classified 2026-09-19: official source re-checked live and still discloses no MW (URL live, no facility MW figure in page text). No row-level MW evidence exists to promote this row, so it stays excluded from project totals and leaves the pending quarantine queue.",primary_url,A,True,2,No facility_mw recorded. | No disclosed capex; downstream model fills estimated capex.
Keppel SYD1,Keppel Sydney 1,Keppel Data Centres,Colocation,NSW,NSW1,Operating,,,,Keppel official Sydney 1 announcement; MW undisclosed,https://www.keppel.com/media/keppel-expands-data-centre-footprint-in-sydney-australia-6763/,,facility_exists_no_mw_disclosed,,False,permanently_excluded_no_mw_disclosed,"Official announcement confirms project/facility but does not disclose MW; legacy 20MW removed. Permanently classified 2026-09-19: official source re-checked live and still discloses no MW (URL live, no facility MW figure in page text). No row-level MW evidence exists to promote this row, so it stays excluded from project totals and leaves the pending quarantine queue.",primary_url,A,True,2,No facility_mw recorded. | No disclosed capex; downstream model fills estimated capex.
Keppel Gore Hill,Keppel Gore Hill,Keppel Data Centres,Colocation,NSW,NSW1,Operating,,,,Keppel Data Centres official Gore Hill page; MW undisclosed,https://www.keppeldatacentres.com/locations/asia-pacific/australia/gore-hill-data-centre/,,facility_exists_no_mw_disclosed,,False,permanently_excluded_no_mw_disclosed,"Official facility page confirms Gore Hill exists but does not disclose MW. Permanently classified 2026-09-19: official source re-checked live and still discloses no MW (URL live, no facility MW figure in page text). No row-level MW evidence exists to promote this row, so it stays excluded from project totals and leaves the pending quarantine queue.",primary_url,A,True,2,No facility_mw recorded. | No disclosed capex; downstream model fills estimated capex.
Telstra Exhibition Street,Telstra Exhibition Street DC,Telstra InfraCo,Telecom,VIC,VIC1,Operating,,,,Telstra InfraCo official colocation page; MW undisclosed,https://infraco.telstra.com.au/solutions/data-centre-colocation,,facility_exists_no_mw_disclosed,,False,permanently_excluded_no_mw_disclosed,"Official site list confirms facility exists but does not disclose MW for this specific site. Permanently classified 2026-09-19: official source re-checked live and still discloses no MW (URL live, no facility MW figure in page text). No row-level MW evidence exists to promote this row, so it stays excluded from project totals and leaves the pending quarantine queue.",primary_url,A,True,2,No facility_mw recorded. | No disclosed capex; downstream model fills estimated capex.
Telstra Woolloongabba,Telstra Woolloongabba DC,Telstra InfraCo,Telecom,QLD,QLD1,Operating,,,,Telstra InfraCo official colocation page; MW undisclosed,https://infraco.telstra.com.au/solutions/data-centre-colocation,,facility_exists_no_mw_disclosed,,False,permanently_excluded_no_mw_disclosed,"Official site list confirms facility exists but does not disclose MW for this specific site. Permanently classified 2026-09-19: official source re-checked live and still discloses no MW (URL live, no facility MW figure in page text). No row-level MW evidence exists to promote this row, so it stays excluded from project totals and leaves the pending quarantine queue.",primary_url,A,True,2,No facility_mw recorded. | No disclosed capex; downstream model fills estimated capex.
Telstra Waymouth Street,Telstra Waymouth Street DC,Telstra InfraCo,Telecom,SA,SA1,Operating,,,,Telstra InfraCo official colocation page; MW undisclosed,https://infraco.telstra.com.au/solutions/data-centre-colocation,,facility_exists_no_mw_disclosed,,False,permanently_excluded_no_mw_disclosed,"Official site list confirms facility exists but does not disclose MW for this specific site. Permanently classified 2026-09-19: official source re-checked live and still discloses no MW (URL live, no facility MW figure in page text). No row-level MW evidence exists to promote this row, so it stays excluded from project totals and leaves the pending quarantine queue.",primary_url,A,True,2,No facility_mw recorded. | No disclosed capex; downstream model fills estimated capex.
Telstra Deakin,Telstra Deakin DC,Telstra InfraCo,Telecom,NSW,NSW1,Operating,,,,Telstra InfraCo official colocation page; MW undisclosed,https://infraco.telstra.com.au/solutions/data-centre-colocation,,facility_exists_no_mw_disclosed,,False,permanently_excluded_no_mw_disclosed,"Official site list confirms facility exists but does not disclose MW for this specific site. Permanently classified 2026-09-19: official source re-checked live and still discloses no MW (URL live, no facility MW figure in page text). No row-level MW evidence exists to promote this row, so it stays excluded from project totals and leaves the pending quarantine queue.",primary_url,A,True,2,No facility_mw recorded. | No disclosed capex; downstream model fills estimated capex.
Telstra Wellington Street,Telstra Wellington Street DC,Telstra InfraCo,Telecom,WA,WA,Operating,,,,Telstra InfraCo official colocation page; MW undisclosed,https://infraco.telstra.com.au/solutions/data-centre-colocation,,facility_exists_no_mw_disclosed,,False,permanently_excluded_no_mw_disclosed,"Official site list confirms facility exists but does not disclose MW for this specific site. Permanently classified 2026-09-19: official source re-checked live and still discloses no MW (URL live, no facility MW figure in page text). No row-level MW evidence exists to promote this row, so it stays excluded from project totals and leaves the pending quarantine queue.",primary_url,A,True,2,No facility_mw recorded. | No disclosed capex; downstream model fills estimated capex.
Rackspace SYD2,Rackspace Sydney 2,Rackspace Technology,Colocation,NSW,NSW1,Operating,,,,Rackspace official SYD2 page; utility power in MVA,https://www.rackspace.com/en-sg/about/data-centers/sydney,,grid_connection_mva,,False,permanently_excluded_grid_mva_no_mw,Permanently classified 2026-09-19: official page discloses 10 MVA total utility power but no MW or IT load; excluded from MW totals to avoid an unsourced MVA-to-MW conversion.,primary_url,A,True,2,No facility_mw recorded. | No disclosed capex; downstream model fills estimated capex.
Macquarie IC4,Macquarie IC4 Bunker,Macquarie Government,Colocation,NSW,NSW1,Operating,,,,Macquarie Data Centres official IC4 page; MW undisclosed,https://www.macquariedatacentres.com/data-centres/canberra/ic4/,,facility_exists_no_mw_disclosed,,False,permanently_excluded_no_mw_disclosed,"Official page confirms IC4 exists but does not disclose MW; legacy 2.5MW figure removed from audit trail. Permanently classified 2026-09-19: official source re-checked live and still discloses no MW (URL live, no facility MW figure in page text). No row-level MW evidence exists to promote this row, so it stays excluded from project totals and leaves the pending quarantine queue.",primary_url,A,True,2,No facility_mw recorded. | No disclosed capex; downstream model fills estimated capex.
DXN TAS1,DXN Hobart,DXN Limited,Colocation,TAS,TAS1,Operating,,,,DXN official data-centre locations page; MW undisclosed,https://dxn.solutions/data-centre-locations/,,facility_exists_no_mw_disclosed,,False,permanently_excluded_no_mw_disclosed,"Official page confirms Tasmanian facility exists but does not disclose MW. Permanently classified 2026-09-19: official source re-checked live and still discloses no MW (URL live, no facility MW figure in page text). No row-level MW evidence exists to promote this row, so it stays excluded from project totals and leaves the pending quarantine queue.",primary_url,A,True,2,No facility_mw recorded. | No disclosed capex; downstream model fills estimated capex.
DXN NT1,DXN Darwin,DXN Limited,Colocation,NT,NT,Operating,,,,DXN official data-centre locations page; MW undisclosed,https://dxn.solutions/data-centre-locations/,,facility_exists_no_mw_disclosed,,False,permanently_excluded_no_mw_disclosed,"Official page confirms Darwin facility exists but does not disclose MW. Permanently classified 2026-09-19: official source re-checked live and still discloses no MW (URL live, no facility MW figure in page text). No row-level MW evidence exists to promote this row, so it stays excluded from project totals and leaves the pending quarantine queue.",primary_url,A,True,2,No facility_mw recorded. | No disclosed capex; downstream model fills estimated capex.
Vault Cloud Canberra,Vault Cloud Canberra,Vault Cloud,Colocation,NSW,NSW1,Operating,,,,Vault Cloud official Government page (sovereign Australian hosting); prior Government Cloud locations page retired (HTTP 404),https://vaultcloud.com.au/government/,,facility_exists_no_mw_disclosed,,False,permanently_excluded_no_mw_disclosed,"Permanently classified 2026-09-19: legacy source URL (vaultcloud.com.au/government-cloud/) returns HTTP 404; re-sourced to the live Vault Cloud Government page, which confirms Australian sovereign hosting but no longer names the Canberra/Sydney facilities. City-level attribution was carried from the retired page and could not be re-sourced, so it remains unverified.",primary_url,A,True,2,No facility_mw recorded. | No disclosed capex; downstream model fills estimated capex.
Vault Cloud Sydney,Vault Cloud Sydney,Vault Cloud,Colocation,NSW,NSW1,Operating,,,,Vault Cloud official Government page (sovereign Australian hosting); prior Government Cloud locations page retired (HTTP 404),https://vaultcloud.com.au/government/,,facility_exists_no_mw_disclosed,,False,permanently_excluded_no_mw_disclosed,"Permanently classified 2026-09-19: legacy source URL (vaultcloud.com.au/government-cloud/) returns HTTP 404; re-sourced to the live Vault Cloud Government page, which confirms Australian sovereign hosting but no longer names the Canberra/Sydney facilities. City-level attribution was carried from the retired page and could not be re-sourced, so it remains unverified.",primary_url,A,True,2,No facility_mw recorded. | No disclosed capex; downstream model fills estimated capex.
AUCloud Canberra,AUCloud Canberra,AUCloud,Colocation,NSW,NSW1,Operating,,,,AUCyber Canberra Cyber Hub profile; MW undisclosed,https://canberracyberhub.com.au/cyber-businesses/aucloud,,facility_exists_no_mw_disclosed,,False,permanently_excluded_no_mw_disclosed,"Source confirms data-centre locations but does not disclose MW. Permanently classified 2026-09-19: official source re-checked live and still discloses no MW (URL live, no facility MW figure in page text). No row-level MW evidence exists to promote this row, so it stays excluded from project totals and leaves the pending quarantine queue.",primary_url,A,True,2,No facility_mw recorded. | No disclosed capex; downstream model fills estimated capex.
AUCloud Sydney,AUCloud Sydney,AUCloud,Colocation,NSW,NSW1,Operating,,,,AUCyber Canberra Cyber Hub profile; MW undisclosed,https://canberracyberhub.com.au/cyber-businesses/aucloud,,facility_exists_no_mw_disclosed,,False,permanently_excluded_no_mw_disclosed,"Source confirms data-centre locations but does not disclose MW. Permanently classified 2026-09-19: official source re-checked live and still discloses no MW (URL live, no facility MW figure in page text). No row-level MW evidence exists to promote this row, so it stays excluded from project totals and leaves the pending quarantine queue.",primary_url,A,True,2,No facility_mw recorded. | No disclosed capex; downstream model fills estimated capex.
Pawsey Setonix,Pawsey Supercomputing Research Centre,Pawsey Supercomputing Research Centre,Technology,WA,WA,Operating,,,2022.0,Pawsey official Setonix page; facility MW undisclosed,https://pawsey.org.au/systems/setonix/,,facility_exists_no_mw_disclosed,,False,permanently_excluded_no_mw_disclosed,"Official page confirms Setonix exists but does not disclose facility MW. Permanently classified 2026-09-19: official source re-checked live and still discloses no MW (URL live, no facility MW figure in page text). No row-level MW evidence exists to promote this row, so it stays excluded from project totals and leaves the pending quarantine queue.",primary_url,A,True,2,No facility_mw recorded. | No disclosed capex; downstream model fills estimated capex.
